{
	"features": [
		{
			"attributes": {
				"FID": 0,
				"Id": 0
			},
			"geometry": {
				"paths": [
					[
						[11.047854547159927, 58.89319735030724],
						[11.047807907170656, 58.893243498683006],
						[11.047662155175926, 58.89323189981575],
						[11.047480819822805, 58.89325013587559],
						[11.04731967536805, 58.89329277808112],
						[11.046905701603151, 58.893496573904116],
						[11.04681352909107, 58.89353894879337],
						[11.046269433788739, 58.89371496968399],
						[11.045869217542426, 58.89387874385593],
						[11.045883229290139, 58.89387679422722],
						[11.04585897279437, 58.893887945321296],
						[11.045823387210197, 58.89391777992916],
						[11.045528969139244, 58.894201355851585],
						[11.045310599610628, 58.89438259294354],
						[11.045177171277516, 58.89446414278612],
						[11.045033526183865, 58.89451445485572],
						[11.044883702690663, 58.89453841047608],
						[11.044783207110108, 58.89453295263799],
						[11.04416715605233, 58.894333285843075],
						[11.044041861405278, 58.89434371921482],
						[11.04384599443614, 58.894328201517176],
						[11.0436795078742, 58.89429693221523],
						[11.04342738376101, 58.89421070392612],
						[11.043123886945772, 58.89401109587326],
						[11.042982505290531, 58.8939211246104],
						[11.042774080701983, 58.893774385115265],
						[11.042696520435355, 58.89372918870877],
						[11.042579637821023, 58.89366613502512],
						[11.042476496141331, 58.893603502486236],
						[11.041957580553142, 58.89359948705067],
						[11.041766808903501, 58.89361980466603],
						[11.04148175309105, 58.89362057905951],
						[11.041112659528407, 58.893592608536856],
						[11.0407018364204, 58.89352767470029],
						[11.040156325358115, 58.89343481974881],
						[11.039382283246708, 58.8934110734193],
						[11.038943134330934, 58.893392841329906],
						[11.038667277253058, 58.89335345166719],
						[11.03818267401209, 58.89325056313106],
						[11.037794527087648, 58.89314825453983],
						[11.037453035927536, 58.892999800338295],
						[11.037294092039406, 58.89298302706034],
						[11.037168800504984, 58.89299345379633],
						[11.03694461088911, 58.89302463252109],
						[11.036782173846643, 58.892998236049074],
						[11.03654319577531, 58.89299803526016],
						[11.036438941320583, 58.89298531890423],
						[11.03630425689411, 58.89295739511557],
						[11.036290788463699, 58.8929546027291],
						[11.036290788463694, 58.892954602729105],
						[11.036135106165858, 58.892909382189636],
						[11.035905017099429, 58.89291183199029],
						[11.035550219896763, 58.89287952666924],
						[11.035380174802127, 58.89291950202772],
						[11.035289308667068, 58.89299045503139],
						[11.035164357639706, 58.89319833333583],
						[11.035096662539742, 58.893267619071345],
						[11.034991510982262, 58.89334289078321],
						[11.034839280619192, 58.893347730187436],
						[11.03471561810866, 58.893343931623754],
						[11.034391979934428, 58.89340059712774],
						[11.03441259934332, 58.89326087941985],
						[11.034455261989498, 58.89316941553265],
						[11.03446667954684, 58.89306985529915],
						[11.034411801660605, 58.892987289133785],
						[11.034387353160215, 58.8929199307455],
						[11.034433549403882, 58.892797650595874],
						[11.03448133506094, 58.892701586423044],
						[11.034526673912543, 58.89262685656759],
						[11.03456875056393, 58.89258057248062],
						[11.03512572875621, 58.892493012608405],
						[11.035216281671127, 58.89246486909051],
						[11.03538527780096, 58.89239393695765],
						[11.035559668491514, 58.892316033798146],
						[11.035638926536539, 58.89226613363134],
						[11.035716593663595, 58.89219001741786],
						[11.035784676273842, 58.89199704409233],
						[11.035818213479315, 58.891864859471234],
						[11.035822017838832, 58.89183167266559],
						[11.035942572467166, 58.891702160291636],
						[11.03605633315397, 58.8916319099655],
						[11.036281640376126, 58.891550811816046],
						[11.036395904281463, 58.89151625912268],
						[11.0366099155493, 58.89141340410642],
						[11.036753326331182, 58.891325032943534],
						[11.036910242569475, 58.89119901499925],
						[11.036946957792646, 58.89111926200338],
						[11.036986389353858, 58.891015804096824],
						[11.037016618817178, 58.89067180185442],
						[11.037026474433564, 58.89050558634436],
						[11.037043626030483, 58.89031580653041],
						[11.037045332203638, 58.8902207057164],
						[11.037080921321852, 58.8901908735566],
						[11.037219398504831, 58.89018560956103],
						[11.037353295963117, 58.89018020482487],
						[11.03750256209296, 58.890160998760095],
						[11.03762892963812, 58.8901410896136],
						[11.037721609713767, 58.89013441924957],
						[11.037845261215587, 58.890138214811785],
						[11.038088219250167, 58.89018373347388],
						[11.038759425484066, 58.89034230521766],
						[11.039108462877973, 58.89046482085502],
						[11.039325775859282, 58.89057377850564],
						[11.03949030481682, 58.890662085637956],
						[11.039570805048355, 58.89072164736108],
						[11.039648862356016, 58.89080254351409],
						[11.039645096973327, 58.890795291510315],
						[11.039730956893674, 58.89088832112711],
						[11.039809286397295, 58.89096684669218],
						[11.039908378583824, 58.891024599741094],
						[11.040074811241974, 58.89109631267667],
						[11.040458668221449, 58.89115566429709],
						[11.040585546581895, 58.89117145026054],
						[11.040711068072127, 58.89119908860254],
						[11.040815556467525, 58.89124986995073],
						[11.040897688660985, 58.89129520787886],
						[11.04098789527039, 58.89135030869089],
						[11.041341702444639, 58.89159190540335],
						[11.041478219228447, 58.89168410838883],
						[11.041583491307907, 58.89176821662373],
						[11.041653481129359, 58.891839348733946],
						[11.041717263270218, 58.891924563387335],
						[11.041778028320183, 58.892076292537055],
						[11.041808090658801, 58.892215186091256],
						[11.041881543870339, 58.89233637952969],
						[11.042087818042098, 58.89246164538997],
						[11.042092669375892, 58.8924594153133],
						[11.042498296252246, 58.892609823213945],
						[11.042994411528044, 58.892812958849525],
						[11.043162998041412, 58.892906142909894],
						[11.043319410672206, 58.89306556057624],
						[11.043399078429596, 58.893172670559686],
						[11.043449940539029, 58.893250351750154],
						[11.04348679122282, 58.89332998229375],
						[11.043514481769488, 58.893409332072004],
						[11.043546783322547, 58.89344838321481],
						[11.043666952250348, 58.893442550931276],
						[11.043949867395403, 58.893420296754876],
						[11.044200721136939, 58.8933970594818],
						[11.044318207872996, 58.89337449266752],
						[11.044418729708472, 58.893339511810616],
						[11.044633542632099, 58.89322953184763],
						[11.044720081542268, 58.89315606121867],
						[11.04475566725452, 58.89312622691402],
						[11.04487480867813, 58.89304899748341],
						[11.045038452877584, 58.89290414568042],
						[11.045150059402717, 58.892812412257925],
						[11.04523551172943, 58.89274842330637],
						[11.04553341502627, 58.89247447025347],
						[11.045629110150815, 58.89240127957641],
						[11.045746648797135, 58.89229783332812],
						[11.045909201496503, 58.89216246238688],
						[11.046189775869978, 58.89199978160751],
						[11.046355251890324, 58.891919212493846],
						[11.046528261016181, 58.8918531467979],
						[11.046620402239506, 58.89185121111362],
						[11.046669697822068, 58.89186223609687],
						[11.046754007201235, 58.89188860626009],
						[11.046905661363166, 58.89192893281388],
						[11.047060811975236, 58.891978881516835],
						[11.04719197924785, 58.89203761088549],
						[11.04732368887785, 58.892091599087486],
						[11.047467810281212, 58.89211742139998],
						[11.04752648545115, 58.892207234148174],
						[11.04747575614376, 58.892329379276006],
						[11.047407003397929, 58.89240815384154],
						[11.04733849504564, 58.89252499690948],
