{
	"features": [
		{
			"attributes": {
				"FID": 0,
				"Id": 0
			},
			"geometry": {
				"paths": [
					[
						[11.047660794008692, 58.893231950121596],
						[11.04747918769768, 58.893252556698464],
						[11.047308611949147, 58.89329728893349],
						[11.046826450475992, 58.893534678839835],
						[11.046306611541128, 58.893699548609696],
						[11.045854115673496, 58.89387837325545],
						[11.0455335436988, 58.894189693876946],
						[11.045245356697881, 58.89441874729764],
						[11.045151824050443, 58.894472973506595],
						[11.04504241012119, 58.89450530373861],
						[11.04489608238927, 58.89453888174527],
						[11.044786426194072, 58.89453314324764],
						[11.044166066033455, 58.89433096560239],
						[11.044036462322907, 58.8943388881035],
						[11.04396344912844, 58.89433427179823],
						[11.04381742280304, 58.894325039064505],
						[11.043624268375366, 58.894285815952955],
						[11.043416590795152, 58.89421284392861],
						[11.04295152405702, 58.89389885752598],
						[11.042729901734752, 58.89374695575436],
						[11.042574781641367, 58.8936565628461],
						[11.042465432007022, 58.89360801291539],
						[11.041997440864062, 58.893600801192065],
						[11.041751435858451, 58.89362180408997],
						[11.041411960786586, 58.89361615202267],
						[11.041079508615073, 58.893589305024115],
						[11.040136372175883, 58.89343667848319],
						[11.038973834005544, 58.89339387532031],
						[11.03864786717262, 58.89335056918379],
						[11.038154647025307, 58.893242658456046],
						[11.037793165913692, 58.89314830474153],
						[11.037460834883277, 58.893000131720754],
						[11.037319939576477, 58.89298629133138],
						[11.037158007556657, 58.89299559327595],
						[11.036934089594228, 58.89302440149285],
						[11.03677623261947, 58.892998145624],
						[11.03654183460601, 58.8929980854487],
						[11.03641009982537, 58.8929845253195],
						[11.036138053312882, 58.892911943499314],
						[11.035871595641083, 58.892910897639034],
						[11.035539698660015, 58.89287929552796],
						[11.035379085416372, 58.89291718171955],
						[11.035288219285391, 58.892988134722515],
						[11.035159503584, 58.893188760901076],
						[11.035096116772468, 58.89326055779394],
						[11.034985569704041, 58.89334280027515],
						[11.034709948663469, 58.893341470620584],
						[11.034400050797137, 58.89339855821423],
						[11.034321479373686, 58.89356266277475],
						[11.034281221061, 58.893673231157976],
						[11.034212122236172, 58.893794807682255],
						[11.034151953094069, 58.89387859718403],
						[11.034112195808667, 58.89402486341851],
						[11.034041736208017, 58.89415829223363],
						[11.033928756456277, 58.89450213083187],
						[11.033760538977731, 58.89484665107397],
						[11.033678697915326, 58.895039200892306],
						[11.033589097326097, 58.895179177920795],
						[11.033503889517371, 58.895240788360574],
						[11.033196291480898, 58.895397855120805],
						[11.03275677396916, 58.89570311258304],
						[11.032617686564004, 58.895753551337116],
						[11.032465401564428, 58.89579882666807],
						[11.032165410799115, 58.89588951756098],
						[11.03209425623586, 58.89590874005136],
						[11.031773992810987, 58.89605589901879],
						[11.031565379741465, 58.896111336035716],
						[11.031443295355125, 58.89613375023322],
						[11.031249284187169, 58.89614205891037],
						[11.03101649798383, 58.896127765640266],
						[11.030664666564311, 58.89606937141523],
						[11.030570700716249, 58.89600701121994],
						[11.030446803364079, 58.8959651401172],
						[11.030273703197672, 58.89583136003616],
						[11.03021638180015, 58.895770126396165],
						[11.03014006210079, 58.89559412426358],
						[11.03006886782736, 58.89541352201175],
						[11.030081341122655, 58.895344919287446],
						[11.030118348976602, 58.89526279802928],
						[11.0302856493613, 58.8950467108538],
						[11.03024946456156, 58.894881458294726],
						[11.030211328612069, 58.89477323783232],
						[11.030177998869528, 58.89470322656682],
						[11.030068756908012, 58.894573788657794],
						[11.029875166724636, 58.89445840843716],
						[11.02979521937174, 58.8943940998498],
						[11.029818805204082, 58.89426874677907],
						[11.02977242111702, 58.8940722554274],
						[11.02954428732832, 58.893777399265666],
						[11.029356561470136, 58.89349092205911],
						[11.029168186177468, 58.89353032560004],
						[11.029073093254565, 58.893517885083],
						[11.029033233611203, 58.89350476473757],
						[11.028808184746175, 58.893343217023535],
						[11.028635648200076, 58.89320469399175],
						[11.028477445918842, 58.893021413736676],
						[11.028385397956217, 58.89294245881329],
						[11.028276391772081, 58.892851087840384],
						[11.02811755094721, 58.89275342571453],
						[11.028037066152589, 58.89269385703342],
						[11.027927789368675, 58.892604856245974],
						[11.027317045521974, 58.89280015752201],
						[11.027144318186194, 58.892823387753616],
						[11.026842211416685, 58.89289259134198],
						[11.026693422382586, 58.89294748274497],
						[11.026533515565914, 58.89305912400865],
						[11.02628316570051, 58.89331784814988],
						[11.025691316898115, 58.89346852574452],
						[11.025565203194452, 58.8934860525312],
						[11.024487647027266, 58.893795333325905],
						[11.024185200691246, 58.893907339734895],
						[11.02392969762369, 58.89397083560135],
						[11.023617650630586, 58.89400642192044],
						[11.023242517334777, 58.89407098906954],
						[11.022975179503085, 58.894117466578216],
						[11.022801079600672, 58.89415254313138],
						[11.02275516813147, 58.89423200944522],
						[11.02268684585044, 58.89434646798464],
						[11.022607236634808, 58.89443916909617],
						[11.022422939131518, 58.894443005942954],
						[11.022187770085944, 58.89440959222482],
						[11.02192735835217, 58.89431592894427],
						[11.021674744644395, 58.89423439968243],
						[11.021241813864211, 58.89420202587049],
						[11.02073102184617, 58.89416725047199],
						[11.020439315887266, 58.89410592331548],
						[11.020267181392146, 58.89408396464494],
						[11.020060316173009, 58.894044282992546],
						[11.019880171883374, 58.89397212094459],
						[11.019621621211954, 58.89390229872564],
						[11.019241865742234, 58.89380732867567],
						[11.019056717287116, 58.89365888779006],
						[11.018857830326601, 58.89351002289974],
						[11.018557519204037, 58.89344366821009],
						[11.018353754751608, 58.89349685466638],
						[11.018116139620497, 58.89348476756155],
						[11.017788562313562, 58.89345563165985],
						[11.017560107726512, 58.893443826115785],
						[11.017363986385519, 58.893430638872445],
						[11.017222067674787, 58.89338581969998],
						[11.017029558082202, 58.89330137768588],
						[11.016908628906972, 58.893273857778155],
						[11.016798436242206, 58.893272836472484],
						[11.016604773838527, 58.89323831421306],
						[11.016349114413748, 58.89322328812716],
						[11.016211231679277, 58.893183350065996],
						[11.01609063950811, 58.893113020333864],
						[11.016071899118803, 58.89303631851236],
						[11.016008675305613, 58.89296026943453],
						[11.015892167718716, 58.8928809033374],
						[11.015790443146406, 58.8928063979063],
						[11.015750505954477, 58.89267432803964],
						[11.015682963250226, 58.892622287263954],
						[11.015581180988827, 58.89257641814504],
						[11.015348758604263, 58.8925310900759],
						[11.01524648990845, 58.892461325091695],
						[11.015163360532346, 58.892385014276215],
						[11.01503867573858, 58.89235024000657],
						[11.014859033046175, 58.89231376893162],
						[11.014710758806604, 58.89220452141564],
						[11.01449788629951, 58.89205759632288],
						[11.01441455102966, 58.89194321685219],
						[11.014251993985791, 58.891838285466335],
						[11.014093328151446, 58.89165972933372],
						[11.014063585881905, 58.891558898775536],
						[11.013586806625456, 58.8913373063856],
						[11.013175924436084, 58.891193779043036],
