{
	"features": [
		{
			"attributes": {
				"FID": 0,
				"Id": 0
			},
			"geometry": {
				"paths": [
					[
						[11.03023039559182, 58.89577998070718],
						[11.02995262500463, 58.895757165616075],
						[11.029673043507916, 58.89567006557757],
						[11.029380444230004, 58.89565630852072],
						[11.028951891320766, 58.89554559402709],
						[11.02876890144717, 58.895578026348254],
						[11.028414386424513, 58.89574315424737],
						[11.028169127057897, 58.89579745840339],
						[11.027802424423909, 58.895788554328924],
						[11.027680611235018, 58.89580859449398],
						[11.027519802864775, 58.895767963545104],
						[11.027308315213752, 58.895528328917536],
						[11.026776996050115, 58.8955119770102],
						[11.026717724100287, 58.895507773874364],
						[11.0264392427134, 58.895411185111726],
						[11.026141351915571, 58.895323513609014],
						[11.025656215600705, 58.89522531910945],
						[11.025294853844333, 58.895050053068324],
						[11.025115510696908, 58.894970786788384],
						[11.024923192630357, 58.894924424542374],
						[11.024750611468884, 58.89482633518125],
						[11.024615437729679, 58.89476270139066],
						[11.024327262782233, 58.89467056700369],
						[11.024042034130703, 58.894592795767096],
						[11.023754626025763, 58.894533987517875],
						[11.023480686846813, 58.89447797235799],
						[11.023209420331789, 58.89443869086799],
						[11.022833300957775, 58.89443186110713],
						[11.02260292913721, 58.89443665752864]
					]
				]
			}
		}
	]
}