{
	"features": [
		{
			"attributes": {
				"FID": 0,
				"unspl": 0
			},
			"geometry": {
				"paths": [
					[
						[11.007234035864675, 58.879723982991379],
						[11.007307833220006, 58.879721508444732],
						[11.007454405920544, 58.879685602272865],
						[11.007538727176312, 58.879671558818274],
						[11.007708118166521, 58.879676799103464],
						[11.007887212533067, 58.87967758158694],
						[11.008097806872311, 58.879684095935261],
						[11.008284416627665, 58.879699383558794],
						[11.009517165822254, 58.879806494858151],
						[11.009686557880379, 58.879811732558053],
						[11.009821511787846, 58.879796874301384],
						[11.010131529250417, 58.879777912899414],
						[11.010213389458837, 58.879785201438665],
						[11.010372600630877, 58.87975919820358],
						[11.010539054511113, 58.879750070746695],
						[11.010706328297312, 58.879733831819294],
						[11.010875446928861, 58.879741438375682],
						[11.011142005675186, 58.879780602889049],
						[11.011352054906158, 58.879791852781885],
						[11.011498556407544, 58.879796380617137],
						[11.011729310678588, 58.879827300724372],
						[11.011900548998037, 58.87985638122187],
						[11.012020607833081, 58.879891016558773],
						[11.012136635183293, 58.879920769471994],
						[11.012378326849172, 58.880016255722325],
						[11.01248868388592, 58.88005534855774],
						[11.012578608919918, 58.880072400218459],
						[11.012751761550019, 58.880084886641527]
					]
				]
			}
		}
	]
}