{
	"features": [
		{
			"attributes": {
				"FID": 1,
				"Id": 0
			},
			"geometry": {
				"paths": [
					[
						[11.008762321024335, 58.88085364338099],
						[11.008896802945173, 58.88080308799215],
						[11.009110209368714, 58.880745458536126],
						[11.009474495051961, 58.88065443185661],
						[11.009608905026994, 58.88064431448356],
						[11.010218773977272, 58.88057515212165],
						[11.010269408506474, 58.88057433823519],
						[11.010439078200932, 58.88057720527388],
						[11.010705779348314, 58.88053549291874],
						[11.011227085761448, 58.88043742095027],
						[11.011306829546584, 58.880423233245665],
						[11.011639603884646, 58.8803264688915],
						[11.012087859267353, 58.880264198034354],
						[11.01239719367561, 58.88017146534088],
						[11.012756613127237, 58.88008265728888],
						[11.01283471564966, 58.88008269146309],
						[11.01290420896214, 58.88007770202438],
						[11.013272782612887, 58.87998917635946],
						[11.013371929271159, 58.879966071876765],
						[11.013604117136367, 58.87994469768972],
						[11.013830633876694, 58.87993266386138],
						[11.014165935309734, 58.87993350472749],
						[11.01438056481129, 58.87994489104392],
						[11.014719834952473, 58.87999105054661],
						[11.014820009535867, 58.879998902527404],
						[11.01487330965557, 58.880014821426926],
						[11.015309291090944, 58.8802185925141],
						[11.015369564553794, 58.880253756905404],
						[11.015462095799137, 58.88032797975251],
						[11.015469068242965, 58.88034722614361],
						[11.015442564322939, 58.880417773461545],
						[11.01545705599841, 58.88045152501792],
						[11.01551945096196, 58.88050816521968],
						[11.015562987142175, 58.88056898097375],
						[11.015605158151573, 58.88064164889306],
						[11.01566536956119, 58.880717252199474],
						[11.015742046658204, 58.88076957565545],
						[11.015881244623813, 58.88079766148297],
						[11.01604518383823, 58.88085029970165],
						[11.016157941735685, 58.880908493931884],
						[11.016288952273385, 58.88100769275087],
						[11.016378547232193, 58.881067550726925],
						[11.016516320671712, 58.88114792673548],
						[11.01667753224234, 58.881224268385324],
						[11.016720859779923, 58.881247015837175],
						[11.01683122638002, 58.8812861048699],
						[11.016935375966852, 58.88133927548722],
						[11.01705511170411, 58.8814167152093],
						[11.017174301552814, 58.88149889615721],
						[11.017243735510021, 58.88153434293565],
						[11.017371325026659, 58.88158347829494],
						[11.017549550871138, 58.881631797969135],
						[11.017759766500092, 58.88172154401411],
						[11.018238901903828, 58.881909984358344],
						[11.018436476662146, 58.881989824370976],
						[11.019058313790197, 58.88221596699333],
						[11.019238941723813, 58.88228338916713],
						[11.019436579434625, 58.882322788465956],
						[11.019521662494753, 58.882342064534726],
						[11.019748681056853, 58.88236571850314],
						[11.02003522124852, 58.882391207088574],
						[11.020435077816614, 58.882470145081186],
						[11.020526649485362, 58.88247296895241],
						[11.02069387572186, 58.88249715531953],
						[11.020838753805492, 58.88251589539232],
						[11.020938664887524, 58.882526112590085],
						[11.021058469872514, 58.88256310979972],
						[11.021456094323355, 58.88270144711413],
						[11.021705569856238, 58.882849489912076],
						[11.021795996687956, 58.882902233351444],
						[11.021866528717396, 58.88292819587957],
						[11.021937333241397, 58.88295178779481],
						[11.022203274461617, 58.8830765480443],
						[11.022251186742949, 58.88309943489105],
						[11.022585265997293, 58.88323105247116],
						[11.02286276710305, 58.883375198506656],
						[11.023197832913695, 58.88357820966672],
						[11.02334391878685, 58.88370641162163],
						[11.023418161419045, 58.883780064298605],
						[11.023517643524485, 58.88391396615668],
						[11.023571172971288, 58.88396794976114],
						[11.023623339945232, 58.884033786430166],
						[11.023665313103777, 58.884068383349245],
						[11.023818978463112, 58.88417064975573],
						[11.024010584420978, 58.88430263156124],
						[11.024415658855617, 58.88453634287799],
						[11.024530842224635, 58.884613635111236],
						[11.024598111513683, 58.88466804139705],
						[11.024662928351518, 58.88474378229978],
						[11.024684408658572, 58.88479677844862],
						[11.02469536869637, 58.88486134527494],
						[11.024683214358902, 58.884887137831186],
						[11.025045065577388, 58.88501722476519],
						[11.025223047705538, 58.88506790426044],
						[11.025652821120843, 58.88516677752483],
						[11.025866892143426, 58.88522332509643],
						[11.026131604889713, 58.88527905248634],
						[11.02637805240522, 58.88529377618687],
						[11.027176701643498, 58.88530171000599],
						[11.028671359595592, 58.88533105668296],
						[11.028974117261725, 58.885335614447115],
						[11.029069141427783, 58.885388493684104],
						[11.029194537497972, 58.885497020271316],
						[11.029601402482797, 58.8858860732837],
						[11.02968060757405, 58.88587661511377],
						[11.030853123872646, 58.885670036343186],
						[11.031145956620662, 58.88564097924785],
						[11.03124180006904, 58.885686745746796],
						[11.031469664893166, 58.88570326719207],
						[11.031819033521629, 58.88570211516054],
						[11.032222807536584, 58.88570739148298],
						[11.032275580653561, 58.88572804441378],
						[11.032311082290676, 58.88577909173176],
						[11.03239078650563, 58.885805330351786],
						[11.032696497545373, 58.8858242421951],
						[11.033095608575536, 58.885910253355576],
						[11.033368996182276, 58.8859305501548],
						[11.03403323814348, 58.885948583360516],
						[11.034240698249675, 58.88590262350732],
						[11.03465856554044, 58.885825065974075],
						[11.034880114425789, 58.88569627856049],
						[11.035292855580849, 58.885623320160164],
						[11.03571122109605, 58.88558145761823],
						[11.035967494604222, 58.88547038684891],
						[11.036234477239361, 58.88542625172022],
						[11.036275728242288, 58.88538707815121],
						[11.036443561521196, 58.88536606549161],
						[11.036513721231302, 58.885235005491154],
						[11.036895486137837, 58.88515157448563],
						[11.037082600881376, 58.88496225640307],
						[11.037523889216175, 58.88488065102126],
						[11.037764786116043, 58.88478337855014],
						[11.038001843810093, 58.88475973087691],
						[11.038155393156899, 58.88474303496315],
						[11.038282554596265, 58.88471601303365],
						[11.038478436830417, 58.88465066109916],
						[11.038624728648358, 58.884617089407186],
						[11.038681069375912, 58.88456648455565],
						[11.038656147363383, 58.88442298962934],
						[11.038710930465129, 58.884305729725725],
						[11.038659277004058, 58.8842351581261],
						[11.038662298726138, 58.88416864426756],
						[11.038715181560406, 58.88406797775502],
						[11.038913774351272, 58.88397891969146],
						[11.038985785765476, 58.883871703416446],
						[11.039109722235935, 58.88383268812811],
						[11.039199470079552, 58.88377121407035],
						[11.03938730787803, 58.88365565748268],
						[11.039470375557414, 58.8835321293044],
						[11.039586001392877, 58.883445281774414],
						[11.039690025973982, 58.883379487373475],
						[11.039705968255873, 58.88332050623643],
						[11.039693964105197, 58.883184544930884],
						[11.039786457578998, 58.883058925828834],
						[11.039910084682731, 58.88306271916923],
						[11.040074919621873, 58.88306777695641],
						[11.040317052190233, 58.883079963669445],
						[11.040445800033694, 58.883079155178905],
						[11.040367527539388, 58.882909557430196],
						[11.040257570130791, 58.8826659220947],
						[11.040087515526466, 58.88246564037706],
						[11.039923293924915, 58.8823749644331],
						[11.039606113831155, 58.88225580516132],
						[11.039498738376096, 58.882150221155825],
						[11.039445763810988, 58.88205106370566],
						[11.039410124577614, 58.88184063313878],
						[11.039411384527796, 58.88162895521219],
