{
	"features": [
		{
			"attributes": {
				"FID": 0,
				"Id": 0
			},
			"geometry": {
				"paths": [
					[
						[11.009833489880032, 58.893167158381154],
						[11.009685837951274, 58.89317210967181],
						[11.009548916703176, 58.89320356004669],
						[11.009328320633513, 58.89332282043396],
						[11.008711098059393, 58.89361299030556],
						[11.008446338316062, 58.89371661055335],
						[11.008364373810497, 58.89374975907199],
						[11.007677960372112, 58.8940021017227],
						[11.007620810482056, 58.894019365162706],
						[11.007553953073716, 58.89404108607919],
						[11.007209683525208, 58.89415651800596],
						[11.00699748574488, 58.894242730266406],
						[11.006342366227578, 58.894462729993364],
						[11.006073560495865, 58.89456146271615],
						[11.005750538486769, 58.8946918215566],
						[11.00558010259124, 58.89477456606207],
						[11.005427712547101, 58.89486024764906],
						[11.005349350116617, 58.89498152407899],
						[11.00527925029794, 58.89515063359823],
						[11.005205315542879, 58.895352928621875],
						[11.00518911009417, 58.89537383697664],
						[11.005133996271557, 58.89545301306162],
						[11.00495122994396, 58.89564242450113],
						[11.004902886549479, 58.895702779055306],
						[11.00485979278415, 58.89583704110257],
						[11.004839873935648, 58.895969641495704],
						[11.004807857490627, 58.89608759425141],
						[11.004805985574349, 58.896223132039026],
						[11.005037423058694, 58.896805981467125],
						[11.005168674821416, 58.8972215879536],
						[11.005201955878452, 58.89729160510883],
						[11.005376853563087, 58.89756820848438],
						[11.005490988613323, 58.897773944185055],
						[11.005482649222484, 58.89776654953206],
						[11.00541590600454, 58.897866775783925],
						[11.005313339748442, 58.89795875690825],
						[11.0051735807269, 58.8980543447955],
						[11.005061304305995, 58.89815078300818],
						[11.005026973040723, 58.89820919239977],
						[11.005022058261003, 58.89853018797143],
						[11.00506039264256, 58.89863604458611],
						[11.00509254914872, 58.89887492680906],
						[11.005081744313612, 58.898888865684405],
						[11.004924205967928, 58.89897914545999],
						[11.004827859314465, 58.89905704552174],
						[11.004776847594536, 58.89910066543234],
						[11.004530630457836, 58.89920247362023],
						[11.004433811100181, 58.899244675703294],
						[11.004335150547796, 58.89926303200923],
						[11.004220007940443, 58.89930466682714],
						[11.00407280004757, 58.89934530905489],
						[11.003904683625123, 58.89932821097792],
						[11.003720710697156, 58.899289211980836],
						[11.003552672519136, 58.89923167501043],
						[11.00333499142379, 58.899205905195565],
						[11.003218085823763, 58.89918325496596],
						[11.003156696721746, 58.899157565659856],
						[11.0029973517889, 58.89906461396082],
						[11.002661280634634, 58.898949537973245],
						[11.002670441945481, 58.89894982163983],
						[11.002312559973458, 58.89910288224682],
						[11.002081174334398, 58.899195629673684],
						[11.001737737458452, 58.8992634965864],
						[11.001483445715083, 58.89935553357537],
						[11.001182248728027, 58.89945563272429],
						[11.000869308275263, 58.89949827437714],
						[11.000702046393123, 58.89959300580952],
						[11.000385731651281, 58.89970452924555],
						[11.000132640853574, 58.899865588369195],
						[11.000017024699241, 58.89987152172936],
						[10.999419109811654, 58.90011229258399],
						[10.999027822300423, 58.90011681888726],
						[10.998553936569751, 58.90031860983533],
						[10.998118887345171, 58.900502571962555],
						[10.9979392426988, 58.900585021804496],
						[10.997701438657334, 58.900772718066754],
						[10.997498253353093, 58.90089963629833],
						[10.997229542859746, 58.900917472998415],
						[10.996958550550088, 58.90099471044313],
						[10.996556185934312, 58.901134482291674],
						[10.99629241503063, 58.90110965036781],
						[10.995958847045637, 58.90121111290009],
						[10.995696649872146, 58.9013314404742],
						[10.995482919055654, 58.90146992307239],
						[10.995272856038222, 58.90165609680577],
						[10.995212304211131, 58.90174223722576],
						[10.995101910409788, 58.90182207373246],
						[10.994667824673273, 58.901918036078165],
						[10.99429392789067, 58.901970665673026],
						[10.994186367121795, 58.90198635943982],
						[10.993944226726445, 58.90217153591406],
						[10.99387716655303, 58.902274126038435],
						[10.993779776310252, 58.902321060597586],
						[10.993635565805036, 58.902335616660494],
						[10.993597179342478, 58.90238913984062],
						[10.993576477921726, 58.90248841065827],
						[10.993539650025706, 58.902568149941516],
						[10.993424034640427, 58.90281196626556],
						[10.993372823241685, 58.90293645799161],
						[10.993309057051587, 58.90301060346145],
						[10.993286885686366, 58.90304321980804],
						[10.993202686344965, 58.90309532112704],
						[10.993094572027003, 58.90311575465544],
						[10.992955033137482, 58.903208958286434],
						[10.992891081185837, 58.90324503561638],
						[10.992781042559095, 58.903282061380686],
						[10.99267017924716, 58.90332619812073],
						[10.99255684222345, 58.903391667976024],
						[10.992545481237629, 58.90341034643624],
						[10.99256050808428, 58.90343935951346],
						[10.992517812303543, 58.903490369778225],
						[10.99245349355663, 58.90356925550238],
						[10.992421976537656, 58.903682463811705],
						[10.992380104763946, 58.90372636295419],
						[10.992310470623618, 58.90377177919755],
						[10.992229383735571, 58.90387631209067],
						[10.992205103216186, 58.903887452816775],
						[10.992188703135692, 58.90398923590636],
						[10.992111463438938, 58.90406058373297],
						[10.992071881683177, 58.90416402608074],
						[10.992064643644698, 58.90426609357786],
						[10.992127683040076, 58.90439651043547],
						[10.992200160423712, 58.904524841334876],
						[10.992230490276057, 58.90469944162703],
						[10.992289774225423, 58.90482260513618],
						[10.992377187778295, 58.90490144289317],
						[10.992632923218412, 58.90503546170354],
						[10.99298147883323, 58.90512240407489],
						[10.99320991000802, 58.905174692130224],
						[10.99336485415391, 58.90518663714544],
						[10.993504130657834, 58.90521474798995],
						[10.993706997990365, 58.90524958966075],
						[10.993878619899817, 58.90527632486315],
						[10.993966862476217, 58.905348050512856],
						[10.99395046669937, 58.90544983385916],
						[10.993981623422371, 58.90549837827586],
						[10.99408150243427, 58.90554905491058],
						[10.994280065579526, 58.90558138320037],
						[10.994533704408264, 58.905693922982714],
						[10.994726225374393, 58.90577839856609],
						[10.994863219576851, 58.905865909171425],
						[10.994958068373377, 58.90599968997389],
						[10.995200813406536, 58.906166604736654],
						[10.99524351984784, 58.90623453810654],
						[10.995284029087069, 58.90632143437496],
						[10.995301817387563, 58.90644568803629],
						[10.995302366729302, 58.90644094730845],
						[10.995302641400109, 58.90643857694454],
						[10.995201582339737, 58.90655676546224],
						[10.995162555983953, 58.90665546807155],
						[10.995080459830486, 58.90672904590604],
						[10.994958688430135, 58.9068275607375],
						[10.994840673872774, 58.90693332865469],
						[10.994824005005947, 58.90703748247568],
						[10.994801655479314, 58.907150975617135],
						[10.994812476625508, 58.90725598217318],
						[10.994842448859547, 58.907354446133716],
						[10.994871410762052, 58.90742195325623],
						[10.994949123698738, 58.907505245868755],
						[10.995051756835185, 58.90753221819662],
						[10.99514596267004, 58.907592233415215],
						[10.995231554677224, 58.9076472236232],
						[10.995286447976722, 58.907689367210644],
						[10.995305148704636, 58.90776607148399],
						[10.995348681244488, 58.907826893740484],
						[10.99543895518884, 58.90796053213463],
						[10.995466270659055, 58.90804226132024],
