{
	"features": [
		{
			"attributes": {
				"FID": 0,
				"Id": 0
			},
			"geometry": {
				"paths": [
					[
						[11.05208928181081, 58.876232795316746],
						[11.051998324203916, 58.876103935612996],
						[11.051800073635578, 58.87566730522351],
						[11.05171802399362, 58.8755006567952],
						[11.05164941768245, 58.875377238251026],
						[11.051538300231934, 58.87518353335823],
						[11.051444642371065, 58.875078378674125],
						[11.051288540256069, 58.87491660046035],
						[11.051065937798688, 58.87473375654687],
						[11.050969306831567, 58.87465467743818],
						[11.050923280365314, 58.87461520790247],
						[11.050752908593237, 58.87445774988859],
						[11.050605946217146, 58.87433669028493],
						[11.05040193214164, 58.87415203515488],
						[11.05017586584639, 58.873919128364506],
						[11.049991271331976, 58.87368511175901],
						[11.049820367079434, 58.87353239366166],
						[11.049747960430105, 58.873482600843715],
						[11.049747689839199, 58.87348497137647],
						[11.049748231020967, 58.87348023031093],
						[11.049688226802717, 58.87340227132432],
						[11.049608852985587, 58.87329279472668],
						[11.04957469087861, 58.87322989968201],
						[11.04951119237337, 58.87314231835652],
						[11.049320451087498, 58.87284150555745],
						[11.049106849101122, 58.87249955257457],
						[11.049001685074977, 58.87229413318584],
						[11.048880107249515, 58.87207155937747],
						[11.04864712223479, 58.87173852719938],
						[11.04841711884394, 58.871379418810335],
						[11.048133324699508, 58.87092826740812],
						[11.047556087256018, 58.869989984386976],
						[11.047235994871588, 58.869494899882994],
						[11.04711866771864, 58.86939615282824],
						[11.046961231329746, 58.86928666158551],
						[11.046608392123115, 58.86907840932088],
						[11.04656567895401, 58.86892961370759],
						[11.046551677397188, 58.868931563528946],
						[11.04638240953034, 58.86880505723625],
						[11.046246290633226, 58.86862961119442],
						[11.046017552589017, 58.8684608420872],
						[11.04583006197773, 58.8682124566204],
						[11.045737008132916, 58.86806211790575],
						[11.045694543645823, 58.8679513906774],
						[11.045712146144723, 58.86779730666405],
						[11.04552325277652, 58.867641651729166],
						[11.045071674334327, 58.86737327673622],
						[11.04481576084018, 58.8672012933972],
						[11.04466700938401, 58.86701594284996],
						[11.044544850228677, 58.86691942382364],
						[11.044258317852728, 58.86665372642098],
						[11.044160398611785, 58.866546056016816],
						[11.044028576323935, 58.86641355779296],
						[11.043779631629889, 58.86630125644992],
						[11.043640796781968, 58.86618995218821],
						[11.043487991702122, 58.86604015814764],
						[11.043319290789885, 58.86590890704186],
						[11.043232396464784, 58.86582536218571],
						[11.04308359937685, 58.865720888213986],
						[11.042847368542782, 58.86553761001202],
						[11.042687283378498, 58.86541137988012],
						[11.042691046862585, 58.865418631793375],
						[11.04252373745811, 58.86523508799829],
						[11.042198153053027, 58.86503003707896],
						[11.042077122779407, 58.864883594666686],
						[11.041946065353367, 58.86482486115609],
						[11.041945794321316, 58.86482723166972]
					]
				]
			}
		}
	]
}