{
	"features": [
		{
			"attributes": {
				"FID": 0,
				"Id": 0
			},
			"geometry": {
				"paths": [
					[
						[11.04735192507913, 58.889673207884734],
						[11.046889973103335, 58.88957342396795],
						[11.046592539221528, 58.889602375730554],
						[11.046249009834332, 58.88967273363122],
						[11.046039956219174, 58.889763577113854],
						[11.045872349584377, 58.88982267102033],
						[11.045571445490234, 58.88980155899371],
						[11.045344832767958, 58.88978300689611],
						[11.045153841625703, 58.88976526124832],
						[11.044920035998558, 58.88972003645448],
						[11.044711569284312, 58.88965417828615],
						[11.044541337915302, 58.88961565845233],
						[11.044478849507007, 58.889599470658624],
						[11.044161828717957, 58.88951839089632],
						[11.044032273044936, 58.88948587456545],
						[11.043884127942166, 58.88945516718149],
						[11.043620950159651, 58.889425691486345],
						[11.04349109358144, 58.88943598415705],
						[11.043379524707332, 58.88948727723057],
						[11.043294890916053, 58.88954415350494],
						[11.043169520516582, 58.889675903289096],
						[11.04298178592941, 58.88962970835307],
						[11.04276772185937, 58.88949231069856],
						[11.042643352932764, 58.88937431434493],
						[11.042570748300399, 58.88920557080335],
						[11.042647402904645, 58.8890176151239],
						[11.042659943081842, 58.88882769377708],
						[11.04263548106, 58.8887603367715],
						[11.042609152022683, 58.888669134291035],
						[11.042687369542492, 58.88854783355868],
						[11.04273298763113, 58.88843029099966],
						[11.04281910093037, 58.888199806437974],
						[11.042861223494805, 58.88807264139322],
						[11.0429764075473, 58.88786921503281],
						[11.042997290407493, 58.88768668590454],
						[11.043155856093636, 58.88746555876729],
						[11.043222709835698, 58.887403379980306],
						[11.043497684499243, 58.88712872921627],
						[11.04357719026083, 58.8870764533768],
						[11.043763134570955, 58.88697748472586],
						[11.043918920724739, 58.886860939739435],
						[11.044071753272918, 58.88673003113318],
						[11.044476319036026, 58.886407016201574],
						[11.044740306643675, 58.886027358309],
						[11.04481712621577, 58.88595834772883],
						[11.044850022427541, 58.88591177936948]
					]
				]
			}
		}
	]
}