{
	"features": [
		{
			"attributes": {
				"FID": 0,
				"unspl": 0
			},
			"geometry": {
				"paths": [
					[
						[11.009856662854759, 58.89316549619076],
						[11.009694998025793, 58.893172393091504],
						[11.009549190043117, 58.89320118938343],
						[11.009377403344558, 58.89329579176746],
						[11.009242325173204, 58.893351087482756],
						[11.008705697010384, 58.893619959593536],
						[11.007865339014245, 58.893931772533335],
						[11.007214263127764, 58.89415665970216],
						[11.007002065393067, 58.89424287231077],
						[11.00633778655964, 58.89446258837779],
						[11.006049291241823, 58.89457260604098],
						[11.005799078264886, 58.894669534971115],
						[11.005727364526308, 58.894693483017875],
						[11.005629190035165, 58.89474753856808],
						[11.005432566759623, 58.89485801938213],
						[11.00534907639883, 58.89498389479098],
						[11.005205589566344, 58.89535055828168],
						[11.005134269730831, 58.89545064293287],
						[11.00494637617436, 58.89564465277857],
						[11.004907192712835, 58.89570529136614],
						[11.004859793045057, 58.89583704114659],
						[11.004845276188576, 58.8959626719398],
						[11.004803824636838, 58.896082711647864],
						[11.004809470580653, 58.89623275543738],
						[11.004987814236301, 58.896678365913886],
						[11.00503797122542, 58.89680124028507],
						[11.005175644840165, 58.89724083429712],
						[11.005380338631767, 58.89757783185149],
						[11.005486408271167, 58.89777380221926],
						[11.005523997234718, 58.89784633164294],
						[11.005643062977015, 58.89800940031364],
						[11.005763924665416, 58.8980773692752],
						[11.00590960584367, 58.8981294535115],
						[11.006013987455617, 58.89822070142429],
						[11.006059568694184, 58.898343433702564],
						[11.006099548955092, 58.898435068323806],
						[11.00632006721736, 58.898675019136874],
						[11.006497119446578, 58.89881371258281],
						[11.006465031635969, 58.89897210477886],
						[11.006502349903599, 58.899047003916166],
						[11.006617540467175, 58.89912431233722],
						[11.00656817308277, 58.899153710275584],
						[11.006373518423175, 58.89920716058202],
						[11.006163602268487, 58.8993529146054],
						[11.00594890531778, 58.89946045823359],
						[11.005750886294436, 58.89958279031356],
						[11.005583164531458, 58.89964183080588],
						[11.005369360607574, 58.89970182368029],
						[11.005368189690273, 58.89975174414775],
						[11.005336444521333, 58.89986732681575],
						[11.005277762858498, 58.899977317499236],
						[11.005162542617313, 58.90005939142782],
						[11.005041371562072, 58.900153176328104],
						[11.005000189806935, 58.90027084542322],
						[11.004978700506683, 58.900377228926004],
						[11.004890888004127, 58.900500592528374],
						[11.004689998344816, 58.900568120822186],
						[11.004447332478435, 58.900639113304464],
						[11.004209245959998, 58.900710246980395],
						[11.004004362411422, 58.90089183718857],
						[11.003811928177981, 58.901045265126925],
						[11.003714280689564, 58.901094577652714],
						[11.003461350860675, 58.90117476660225],
						[11.003277173302934, 58.90137602678226],
						[11.003119461893675, 58.901547181257456],
						[11.002929876712471, 58.90175541028401],
						[11.002773337119834, 58.90187664429175],
						[11.002641268080083, 58.90202480310222],
						[11.002508100068837, 58.90218244346505],
						[11.00239251290418, 58.90230732332435],
						[11.002131894771196, 58.902453880442295],
						[11.001952637404315, 58.90261247138852],
						[11.001755443059324, 58.9028466314669],
						[11.00173586122105, 58.90293642247798],
						[11.001659111279025, 58.903043473277705],
						[11.001522256946657, 58.903153421693105],
						[11.001434973245466, 58.90327204047236],
						[11.001426537604686, 58.903583411845034],
						[11.00135730329697, 58.903704969608725],
						[11.001381612871171, 58.90381277224168],
						[11.001231672503707, 58.903996059470614],
						[11.001164985076059, 58.9040558446016],
						[11.001132673334268, 58.9041761666968],
						[11.001051368326046, 58.90440202063678],
						[11.000923040465977, 58.90455742978162],
						[11.000760335121413, 58.904652302861564],
						[11.0005999041623, 58.904687774821014],
						[11.000332484456635, 58.904853148454094],
						[11.00017627761315, 58.90493157023582],
						[11.000028876031877, 58.90505308393273],
						[10.999976395194551, 58.905148992132354],
						[10.999892749251046, 58.90519635762587],
						[10.999740298875736, 58.905282031540594],
						[10.999600219574518, 58.905379982999875],
						[10.999498520640259, 58.90542440950895],
						[10.999391691973074, 58.90547343515095],
						[10.999244560188345, 58.90559257733565],
						[10.99909761816059, 58.905749787822515],
						[10.999056300607833, 58.90578894880099],
						[10.999007109490549, 58.90585641144429],
						[10.998988807387605, 58.90597478830591],
						[10.99895621146004, 58.90609748011468],
						[10.998918102688322, 58.906148634451995],
						[10.99881796407783, 58.90621927619867],
						[10.998677604188117, 58.90631959737158],
						[10.99862566654133, 58.90641076434537],
						[10.998509776305184, 58.90653801122028],
						[10.998357780087531, 58.90665938102569],
						[10.998234181762143, 58.90673405263448],
						[10.9980436936616, 58.90683044107203],
						[10.9978784989936, 58.906946643372976],
						[10.99785816622142, 58.9070031064083],
						[10.997867793463968, 58.90703908828334],
						[10.997847375256185, 58.907135989334506],
						[10.9978784540275, 58.907224970955724],
						[10.997859957670983, 58.90730527951507],
						[10.997901847192566, 58.90738032344325],
						[10.997982777183495, 58.907475607513334],
						[10.998029881873606, 58.907505614292745],
						[10.997961999246911, 58.907615318092496],
						[10.99785545566482, 58.907780915656815],
						[10.997849795331831, 58.907909200349366],
						[10.997614873527652, 58.90811125912734],
						[10.997389283988298, 58.90823272605951],
						[10.997342470678518, 58.90831929390032],
						[10.997169114662938, 58.908466167579604],
						[10.997056043801422, 58.90852927120898],
						[10.996849239301014, 58.90868700240327],
						[10.996660023741128, 58.908811974892785],
						[10.996590572696846, 58.90889546075698],
						[10.99650325662003, 58.90901407683822],
						[10.996413280348634, 58.90911595743552],
						[10.99611407950124, 58.909118574462696],
						[10.995883058056734, 58.90912806320961],
						[10.995724624491857, 58.90922544180074],
						[10.995419292066742, 58.90932064313324],
						[10.995252691758367, 58.909329749668245],
						[10.995131637615032, 58.909342646845744],
						[10.995038810492758, 58.909389724556206],
						[10.994884307864538, 58.90941347834939],
						[10.994744100859634, 58.90943291899407],
						[10.994664743782948, 58.90948279269679],
						[10.994595924962027, 58.90952109841999],
						[10.994437114581217, 58.909542339507425],
						[10.99434052829281, 58.909582163286245],
						[10.99423551355818, 58.90965502995573],
						[10.99407047807017, 58.909809295162916],
						[10.994003581100458, 58.90983100839435],
						[10.993909652308673, 58.909887566757845],
						[10.993637572316175, 58.9099338395751],
						[10.9936165902335, 58.91003548005341],
						[10.993470882974918, 58.910102325761784],
						[10.99341177593277, 58.91013617534429],
						[10.993256451324214, 58.91040492694589],
						[10.993268917726425, 58.91049571170777],
						[10.993319968641686, 58.91068998595415],
						[10.993385313381566, 58.910761000919535],
						[10.993455608889292, 58.91090829368284],
						[10.993590145668747, 58.911017139529406],
						[10.993689125053152, 58.911115365281944],
						[10.993865997417913, 58.91109706407832],
						[10.994188216413079, 58.911054725795],
						[10.994452974125522, 58.91103201341673],
						[10.994632868212364, 58.91098763726973],
						[10.994808640706253, 58.91097881581976],
						[10.99500035728073, 58.910951457543774],
						[10.995100430240711, 58.910921257410166],
