{
	"features": [
		{
			"attributes": {
				"FID": 0,
				"unspl": 0
			},
			"geometry": {
				"paths": [
					[
						[11.026970589938246, 58.87910510093433],
						[11.028495645963588, 58.879507679288324],
						[11.028638115282886, 58.87950730585524],
						[11.029172229752739, 58.87945713333047],
						[11.030095766284198, 58.879176296594025],
						[11.030485003503793, 58.87910738898192],
						[11.03081517698677, 58.879112786562],
						[11.03137058628998, 58.8790370928167],
						[11.031366008107195, 58.879036952029296]
					]
				]
			}
		}
	]
}